Metrics,LSTM Score,Dense Score,RF Score,SVR Score
MAE,1.7829174913830228,1.1984292899078792,1.1951419067124889,1.257003263048492
MSE,5.000984421345835,2.3279105430064826,2.292735432726751,2.49854039734713
R_Squared,-1.5693021535887586,-2.2399833968412337,-4.573860816329345,-4.559217903139095
