Metrics,LSTM Score,Dense Score,RF Score,SVR Score
MAE,1.285,1.214,1.2083710275126114,1.2377160987673816
MSE,2.623,2.306,2.248670384257991,2.390570325193857
R_Squared,0.028,0.146,-3.412863981082296,-4.339507608867126
MAPE,0.144,0.139,0.13869527959056618,0.1419067613471371
MSLE,0.026,0.022,0.022110982369581762,0.023344114198299452
