,Metrics,LSTM Score,Dense Score,RF Score,SVR Score
0,MAE,1.006920447537634,0.9517122555308871,1.1067209923427184,1.0357805175738268
1,MSE,1.7976090136345677,1.5761282436623876,2.048195987279399,1.7851784497863887
2,R_Squared,0.24823669857943131,-0.2890438573174723,-0.7648999717224918,-0.4715722078229485
