Metrics,LSTM Score,Dense Score,RF Score,SVR Score
MAE,1.196,1.174,1.216729296830563,1.2290618943892166
MSE,2.318,2.261,2.4240945574201205,2.48965850599461
R_Squared,0.141,0.162,-2.7849500315211824,-3.984261764224362
MAPE,0.135,0.133,0.13705985814389304,0.13915367551750205
MSLE,0.022,0.022,0.023032939824100377,0.023671943470374632
