Metrics,LSTM Score,Dense Score,RF Score,SVR Score,ARIMA Score,SARIMAX Score
MAE,1.1789751924620733,1.16647896750768,1.2238062201897624,1.1920047055424092,1.3477423006206253,1.3365071843183456
MSE,2.300333796649417,2.2545126101374686,2.4522880741128468,2.321461039632519,2.8142311233465014,2.7905964862361494
R_Squared,-4.253147079881447,-3.853782519684116,-3.4763210696839506,-4.3562564473820515,-5.351285754748225,-5.248680216289562
