Metrics,LSTM Score,Dense Score,RF Score,SVR Score
MAE,1.176345010439555,1.1724343233320447,1.2205392410518592,1.2290618943892166
MSE,2.2830098687406535,2.2652878397996528,2.3472787318481516,2.48965850599461
R_Squared,-3.26063506136603,-4.883521075200029,-2.972923619178316,-3.984261764224362
