Metrics,LSTM Score,Dense Score,RF Score,SVR Score
MAE,1.176,1.169,1.2477035799777079,1.247485356207319
MSE,2.247,2.288,2.4536611996442073,2.4922960753427343
R_Squared,0.168,0.152,-5.112207486028196,-2.914304051938774
MAPE,0.133,0.132,0.14236878167417968,0.1409401547483467
MSLE,0.022,0.022,0.02358923473383974,0.02381385338938869
